{"cameraMode":{"drawMode":0,"name":"Shaded","section":"Shading Mode"},"sceneLighting":true,"audioPlay":false,"sceneViewState":{"showFog":true,"showMaterialUpdate":false,"showSkybox":true,"showFlares":true,"showImageEffects":true,"showParticleSystems":true},"in2DMode":false,"pivot":{"x":-0.04296875,"y":0.5216617584228516,"z":-0.7384858727455139},"rotation":{"x":-0.00837423000484705,"y":-0.9695390462875366,"z":0.03346143662929535,"w":-0.24251186847686768},"size":2.6308603286743166,"orthographic":true}