{"cameraMode":{"drawMode":0,"name":"Shaded","section":"Shading Mode"},"sceneLighting":false,"audioPlay":false,"sceneViewState":{"showFog":true,"showMaterialUpdate":false,"showSkybox":false,"showFlares":true,"showImageEffects":true,"showParticleSystems":true},"in2DMode":false,"pivot":{"x":21.265914916992189,"y":7.472748756408691,"z":34.160133361816409},"rotation":{"x":-0.030731836333870889,"y":0.5723832249641419,"z":0.0214749313890934,"w":0.8191320300102234},"size":0.7542941570281982,"orthographic":true}