{"cameraMode":{"drawMode":0,"name":"Shaded","section":"Shading Mode"},"sceneLighting":true,"audioPlay":false,"sceneViewState":{"showFog":true,"showMaterialUpdate":false,"showSkybox":true,"showFlares":true,"showImageEffects":true,"showParticleSystems":true},"in2DMode":false,"pivot":{"x":-1.3555350303649903,"y":0.8358044624328613,"z":-0.38221096992492678},"rotation":{"x":-0.16676311194896699,"y":0.19616542756557465,"z":-0.03387362137436867,"w":-0.9656959772109985},"size":1.8073949813842774,"orthographic":false}